Fold,R2_Score,RMSE_mW_m2
Fold 1,0.951069155856628,4.3152447111543415
Fold 2,0.9240843791919817,5.1807267196377405
Fold 3,0.9193558867150757,5.489747326557824
Fold 4,0.9234391086377237,5.236607256534691
Fold 5,0.9281410341231664,5.2603792132750735
